1	1900s
2	1900s	1901
3	1900s	1902
4	1900s	1903
5	1900s	1904
6	1900s	1905
7	1900s	1906
8	1900s	1907
9	1900s	1908
10	1900s	1909
11	1910s
12	1910s	1910
13	1910s	1911
14	1910s	1912
15	1910s	1913
16	1910s	1914
17	1910s	1915
18	1910s	1916
19	1910s	1917
20	1910s	1918
21	1910s	1919
22	1920s
23	1920s	1920
24	1920s	1921
25	1920s	1922
26	1920s	1923
27	1920s	1924
28	1920s	1925
29	1920s	1926
30	1920s	1927
31	1920s	1928
32	1920s	1929
33	1930s
34	1930s	1930
35	1930s	1931
36	1930s	1932
37	1930s	1933
38	1930s	1934
39	1930s	1935
40	1930s	1936
41	1930s	1937
42	1930s	1938
43	1930s	1939
44	1940s
45	1940s	1943
46	1940s	1944
47	1940s	1945
48	1940s	1946
49	1940s	1947
50	1940s	1948
51	1940s	1949
52	1950s
53	1950s	1950
54	1950s	1951
55	1950s	1952
56	1950s	1953
57	1950s	1954
58	1950s	1955
59	1950s	1956
60	1950s	1957
61	1950s	1958
62	1950s	1959
63	1960s
64	1960s	1960
65	1960s	1961
66	1960s	1962
67	1960s	1963
68	1960s	1964
69	1960s	1965
70	1960s	1966
71	1960s	1967
72	1960s	1968
73	1960s	1969
74	1970s
75	1970s	1970
76	1970s	1971
77	1970s	1972
78	1970s	1973
79	1970s	1974
80	1970s	1975
81	1970s	1976
82	1970s	1977
83	1970s	1978
84	1970s	1979
85	1980s
86	1980s	1980
87	1980s	1981
88	1980s	1982
89	1980s	1983
90	1980s	1984
91	1980s	1985
92	1980s	1986
93	1980s	1987
94	1980s	1988
95	1980s	1989
96	1990s
97	1990s	1990
98	1990s	1991
99	1990s	1992
100	1990s	1993
101	1990s	1994
102	1990s	1995
103	1990s	1996
104	1990s	1997
105	1990s	1998
106	1990s	1999
107	2000s
108	2000s	2000
109	2000s	2001
110	2000s	2002
111	2000s	2003
112	2000s	2004
